{
    "CompUnits": {
        "NtmA7_d": {
            "mod": "tb_counter",
            "bytes": 32746,
            "out": "NtmA7_d.o",
            "archive": "archive.101/_29624_archive_1.a",
            "text": 7786,
            "checksum": 0,
            "mode": 4
        }
    },
    "Modules": {
        "...MASTER...": {
            "start_perf": [
                0.84797096252441406,
                0.065573999999999993,
                0.077425999999999995,
                261920,
                274964,
                1551993294.500612,
                4771996409280248
            ],
            "child_modules": {
                "tb_counter": 1,
                "std": 1
            },
            "nQuads": 0,
            "end_perf": [
                0.87758994102478027,
                0.068330000000000002,
                0.080754000000000006,
                263472,
                274964,
                4771996513121638,
                0,
                0
            ],
            "nMops": 0,
            "nRouts": 5
        },
        "std": {
            "start_perf": [
                0.87780284881591797,
                0.068422999999999998,
                0.080864000000000005,
                263472,
                274964,
                1551993294.5304439,
                4771996513844860
            ],
            "child_modules": {},
            "svclass": [
                "$vcs_nba_dyn_obj",
                0,
                35,
                2,
                2,
                0,
                "sigprop$$",
                0,
                35,
                2,
                2,
                0,
                "process",
                0,
                200,
                8,
                8,
                0,
                "event",
                0,
                34,
                2,
                2,
                0,
                "mailbox",
                0,
                140,
                9,
                9,
                0,
                "semaphore",
                0,
                84,
                5,
                5,
                0
            ],
            "Compiled": "Yes",
            "Compiled Times": 102,
            "nQuads": 218,
            "end_perf": [
                0.90908503532409668,
                0.074368000000000004,
                0.082630999999999996,
                263504,
                274964,
                4771996623442544,
                8589934594,
                0
            ],
            "nMops": 528,
            "nRouts": 33
        },
        "tb_counter": {
            "start_perf": [
                0.9091799259185791,
                0.074413000000000007,
                0.082682000000000005,
                263504,
                274964,
                1551993294.561821,
                4771996623735368
            ],
            "child_modules": {},
            "Compiled": "Yes",
            "Compiled Times": 42,
            "nQuads": 557,
            "end_perf": [
                1.0243749618530273,
                0.090121000000000007,
                0.091157000000000002,
                267376,
                274964,
                4771997027538568,
                25769803777,
                0
            ],
            "nMops": 820,
            "nRouts": 61
        }
    },
    "stat": {
        "ru_self_end": {
            "ru_majflt": 0,
            "ru_utime_sec": 0.095623,
            "ru_nvcsw": 413,
            "ru_minflt": 26162,
            "ru_maxrss_kb": 78908,
            "ru_stime_sec": 0.095623,
            "ru_nivcsw": 55
        },
        "ru_childs_end": {
            "ru_majflt": 0,
            "ru_utime_sec": 0.019924000000000001,
            "ru_nvcsw": 22,
            "ru_minflt": 6916,
            "ru_maxrss_kb": 23992,
            "ru_stime_sec": 0.013559,
            "ru_nivcsw": 8
        },
        "peak_mem_kb": 274964,
        "cpu_cycles_end": 4771997274480212
    },
    "ObjArchives": [
        {
            "archive": "archive.101/_29624_archive_1.a",
            "objects": [
                [
                    "NtmA7_d.o",
                    32746
                ],
                [
                    "amcQwB.o",
                    101990
                ]
            ],
            "size": 134736
        }
    ],
    "reusePaths": {
        "reYIK_d": {
            "icPath": "csrc"
        },
        "amcQw_d": {
            "icPath": "csrc"
        }
    }
}