{
    "ObjArchives": [
        {
            "archive": "archive.5/_30474_archive_1.a",
            "size": 125856,
            "objects": [
                [
                    "kqAD8_d.o",
                    23964
                ],
                [
                    "amcQwB.o",
                    101892
                ]
            ]
        }
    ],
    "Modules": {
        "...MASTER...": {
            "end_perf": [
                0.60941791534423828,
                0.077376,
                0.073303999999999994,
                264488,
                275304,
                11811660837172000,
                0,
                0
            ],
            "child_modules": {
                "tb_register": 1,
                "tb_rom": 1,
                "std": 1
            },
            "start_perf": [
                0.5576019287109375,
                0.074792999999999998,
                0.065572000000000005,
                262072,
                275304,
                1557426262.4848089,
                11811660655536452
            ],
            "nQuads": 0,
            "nMops": 0,
            "nRouts": 5
        },
        "std": {
            "child_modules": {},
            "end_perf": [
                0.63960790634155273,
                0.082935999999999996,
                0.075678999999999996,
                264668,
                275304,
                11811660942899062,
                8589934594,
                0
            ],
            "start_perf": [
                0.60964107513427734,
                0.077484999999999998,
                0.073405999999999999,
                264488,
                275304,
                1557426262.5368481,
                11811660837884840
            ],
            "Compiled": "Yes",
            "Compiled Times": 6,
            "nQuads": 218,
            "svclass": [
                "$vcs_nba_dyn_obj",
                0,
                35,
                2,
                2,
                0,
                "sigprop$$",
                0,
                35,
                2,
                2,
                0,
                "process",
                0,
                200,
                8,
                8,
                0,
                "event",
                0,
                34,
                2,
                2,
                0,
                "mailbox",
                0,
                140,
                9,
                9,
                0,
                "semaphore",
                0,
                84,
                5,
                5,
                0
            ],
            "nMops": 528,
            "nRouts": 33
        },
        "tb_rom": {
            "end_perf": [
                0.66424989700317383,
                0.107072,
                0.076186000000000004,
                266900,
                275304,
                11811661029210284,
                21474836481,
                0
            ],
            "child_modules": {},
            "start_perf": [
                0.63970398902893066,
                0.082987000000000005,
                0.075726000000000002,
                264668,
                275304,
                1557426262.566911,
                11811660943189452
            ],
            "nQuads": 454,
            "Compiled Times": 3,
            "Compiled": "Yes",
            "nMops": 1037,
            "nRouts": 54
        },
        "tb_register": {
            "end_perf": [
                0.70268511772155762,
                0.119737,
                0.077415999999999999,
                271156,
                275304,
                11811661163801538,
                25769803777,
                0
            ],
            "child_modules": {},
            "start_perf": [
                0.66431903839111328,
                0.107113,
                0.076215000000000005,
                266900,
                275304,
                1557426262.591526,
                11811661029398248
            ],
            "nQuads": 500,
            "Compiled Times": 1,
            "Compiled": "Yes",
            "nMops": 1051,
            "nRouts": 49
        }
    },
    "stat": {
        "ru_self_end": {
            "ru_nivcsw": 57,
            "ru_utime_sec": 0.123866,
            "ru_stime_sec": 0.081188999999999997,
            "ru_majflt": 0,
            "ru_maxrss_kb": 84040,
            "ru_minflt": 27562,
            "ru_nvcsw": 307
        },
        "ru_childs_end": {
            "ru_nivcsw": 8,
            "ru_utime_sec": 0.023045,
            "ru_stime_sec": 0.025044,
            "ru_majflt": 0,
            "ru_maxrss_kb": 24296,
            "ru_minflt": 6916,
            "ru_nvcsw": 22
        },
        "peak_mem_kb": 275304,
        "cpu_cycles_end": 11811661418146296
    },
    "CompUnits": {
        "amcQw_d": {
            "text": 458,
            "mod": "...MASTER...",
            "out": "objs/amcQw_d.o",
            "bytes": 7858,
            "mode": 4,
            "checksum": 0
        },
        "kqAD8_d": {
            "text": 8360,
            "mod": "tb_register",
            "archive": "archive.5/_30474_archive_1.a",
            "out": "kqAD8_d.o",
            "bytes": 23964,
            "mode": 4,
            "checksum": 0
        }
    },
    "reusePaths": {
        "reYIK_d": {
            "icPath": "csrc"
        },
        "uJyMt_d": {
            "icPath": "csrc"
        }
    }
}