{
    "stat": {
        "ru_self_end": {
            "ru_utime_sec": 0.113397,
            "ru_majflt": 0,
            "ru_stime_sec": 0.10184699999999999,
            "ru_maxrss_kb": 77520,
            "ru_minflt": 25830,
            "ru_nvcsw": 484,
            "ru_nivcsw": 77
        },
        "peak_mem_kb": 274724,
        "cpu_cycles_end": 11831660711733644,
        "ru_childs_end": {
            "ru_utime_sec": 0.019944,
            "ru_majflt": 0,
            "ru_stime_sec": 0.018089000000000001,
            "ru_maxrss_kb": 23156,
            "ru_minflt": 6916,
            "ru_nvcsw": 36,
            "ru_nivcsw": 8
        }
    },
    "Modules": {
        "...MASTER...": {
            "nMops": 0,
            "child_modules": {
                "tb_register": 1
            },
            "start_perf": [
                1.1591689586639404,
                0.080619999999999997,
                0.075384999999999994,
                261240,
                274724,
                1557431969.909816,
                11831659423316984
            ],
            "end_perf": [
                1.2589340209960938,
                0.083363999999999994,
                0.083363999999999994,
                263784,
                274724,
                11831659772898520,
                0,
                0
            ],
            "nQuads": 0,
            "nRouts": 5
        },
        "MUX2_1": {
            "nMops": 128,
            "child_modules": {},
            "start_perf": [
                1.3390219211578369,
                0.095007999999999995,
                0.091804999999999998,
                268840,
                274724,
                1557431970.089669,
                11831660053498506
            ],
            "Compiled Times": 1,
            "Compiled": "Yes",
            "end_perf": [
                1.3644390106201172,
                0.099269999999999997,
                0.093933000000000003,
                268840,
                274724,
                11831660142585132,
                17179869185,
                0
            ],
            "nQuads": 63,
            "nRouts": 14
        },
        "D_FF": {
            "nMops": 394,
            "child_modules": {},
            "start_perf": [
                1.2591338157653809,
                0.083459000000000005,
                0.083459000000000005,
                263784,
                274724,
                1557431970.0097809,
                11831659773534268
            ],
            "Compiled Times": 1,
            "Compiled": "Yes",
            "end_perf": [
                1.33890700340271,
                0.094948000000000005,
                0.091747999999999996,
                268840,
                274724,
                11831660053175378,
                8589934593,
                0
            ],
            "nQuads": 202,
            "nRouts": 30
        },
        "tb_register": {
            "nMops": 280,
            "child_modules": {
                "D_FF": 8,
                "MUX2_1": 8
            },
            "start_perf": [
                1.3645288944244385,
                0.099317000000000003,
                0.093977000000000005,
                268840,
                274724,
                1557431970.115176,
                11831660142841550
            ],
            "Compiled Times": 1,
            "Compiled": "Yes",
            "end_perf": [
                1.387563943862915,
                0.10735599999999999,
                0.094601000000000005,
                268840,
                274724,
                11831660223612836,
                25769803777,
                0
            ],
            "nQuads": 137,
            "nRouts": 31
        }
    },
    "CompUnits": {
        "amcQw_d": {
            "mod": "...MASTER...",
            "checksum": 0,
            "out": "objs/amcQw_d.o",
            "bytes": 7502,
            "text": 402,
            "mode": 4
        },
        "YyC6k_d": {
            "mod": "D_FF",
            "checksum": 0,
            "out": "YyC6k_d.o",
            "bytes": 12752,
            "archive": "archive.42/_15667_archive_1.a",
            "text": 2790,
            "mode": 4
        },
        "Rfak2_d": {
            "mod": "MUX2_1",
            "checksum": 0,
            "out": "Rfak2_d.o",
            "bytes": 8166,
            "archive": "archive.42/_15667_archive_1.a",
            "text": 1074,
            "mode": 4
        },
        "kqAD8_d": {
            "mod": "tb_register",
            "checksum": 0,
            "out": "kqAD8_d.o",
            "bytes": 17350,
            "archive": "archive.42/_15667_archive_1.a",
            "text": 2294,
            "mode": 4
        }
    },
    "reusePaths": {},
    "ObjArchives": [
        {
            "objects": [
                [
                    "YyC6k_d.o",
                    12752
                ],
                [
                    "Rfak2_d.o",
                    8166
                ],
                [
                    "kqAD8_d.o",
                    17350
                ],
                [
                    "amcQwB.o",
                    100632
                ]
            ],
            "archive": "archive.42/_15667_archive_1.a",
            "size": 138900
        }
    ]
}