{
    "ObjArchives": [
        {
            "archive": "archive.222/_29569_archive_1.a",
            "size": 135062,
            "objects": [
                [
                    "rELtQ_d.o",
                    34710
                ],
                [
                    "amcQwB.o",
                    100352
                ]
            ]
        }
    ],
    "Modules": {
        "...MASTER...": {
            "start_perf": [
                0.56225109100341797,
                0.056078999999999997,
                0.037745000000000001,
                260612,
                274544,
                1550800201.8006821,
                591408486881442
            ],
            "end_perf": [
                0.59119510650634766,
                0.060892000000000002,
                0.038843999999999997,
                262236,
                274544,
                591408588329982,
                0,
                0
            ],
            "child_modules": {
                "tb_JK_FF": 1
            },
            "nQuads": 0,
            "nMops": 0,
            "nRouts": 5
        },
        "tb_JK_FF": {
            "start_perf": [
                0.59138703346252441,
                0.061002000000000001,
                0.038914999999999998,
                262236,
                274544,
                1550800201.829818,
                591408588961242
            ],
            "end_perf": [
                0.66528797149658203,
                0.081057000000000004,
                0.042660999999999998,
                266296,
                274544,
                591408847969738,
                12884901889,
                0
            ],
            "Compiled": "Yes",
            "child_modules": {},
            "Compiled Times": 22,
            "nQuads": 557,
            "nMops": 1029,
            "nRouts": 63
        }
    },
    "CompUnits": {
        "rELtQ_d": {
            "out": "rELtQ_d.o",
            "mod": "tb_JK_FF",
            "checksum": 0,
            "bytes": 34710,
            "text": 7789,
            "mode": 4,
            "archive": "archive.222/_29569_archive_1.a"
        }
    },
    "reusePaths": {
        "amcQw_d": {
            "icPath": "csrc"
        }
    },
    "stat": {
        "ru_self_end": {
            "ru_nivcsw": 55,
            "ru_stime_sec": 0.046087000000000003,
            "ru_utime_sec": 0.086816000000000004,
            "ru_maxrss_kb": 74376,
            "ru_minflt": 25005,
            "ru_majflt": 0,
            "ru_nvcsw": 307
        },
        "ru_childs_end": {
            "ru_nivcsw": 8,
            "ru_stime_sec": 0.017349,
            "ru_utime_sec": 0.017274999999999999,
            "ru_maxrss_kb": 22380,
            "ru_minflt": 6916,
            "ru_majflt": 0,
            "ru_nvcsw": 22
        },
        "cpu_cycles_end": 591409109093308,
        "peak_mem_kb": 274544
    }
}