{
    "Modules": {
        "...MASTER...": {
            "end_perf": [
                0.74742507934570312,
                0.066242999999999996,
                0.065139000000000002,
                273568,
                275140,
                577428602697836,
                0,
                0
            ],
            "start_perf": [
                0.71753811836242676,
                0.065144999999999995,
                0.061447000000000002,
                273544,
                275140,
                1552607629.3270221,
                577428497937558
            ],
            "child_modules": {
                "tb_scale_mux": 1
            },
            "nQuads": 0,
            "nMops": 0,
            "nRouts": 5
        },
        "tb_scale_mux": {
            "end_perf": [
                0.77850008010864258,
                0.069381999999999999,
                0.070484000000000005,
                273592,
                275140,
                577428711581978,
                12884901889,
                0
            ],
            "start_perf": [
                0.74761509895324707,
                0.066334000000000004,
                0.065228999999999995,
                273568,
                275140,
                1552607629.3570991,
                577428603321422
            ],
            "child_modules": {},
            "nMops": 939,
            "Compiled": "Yes",
            "Compiled Times": 50,
            "nQuads": 343,
            "nRouts": 46
        }
    },
    "CompUnits": {},
    "reusePaths": {
        "amcQw_d": {
            "icPath": "csrc"
        },
        "WM5wC_d": {
            "icPath": "csrc"
        }
    },
    "stat": {
        "peak_mem_kb": 275536,
        "ru_self_end": {
            "ru_nivcsw": 81,
            "ru_majflt": 0,
            "ru_utime_sec": 0.074714000000000003,
            "ru_stime_sec": 0.076880000000000004,
            "ru_maxrss_kb": 81140,
            "ru_minflt": 25684,
            "ru_nvcsw": 402
        },
        "ru_childs_end": {
            "ru_nivcsw": 8,
            "ru_majflt": 0,
            "ru_utime_sec": 0.022109,
            "ru_stime_sec": 0.032621999999999998,
            "ru_maxrss_kb": 27936,
            "ru_minflt": 6916,
            "ru_nvcsw": 49
        },
        "cpu_cycles_end": 577428982011840
    },
    "ObjArchives": [
        {
            "archive": "archive.50/_17758_archive_1.a",
            "objects": [
                [
                    "amcQwB.o",
                    100066
                ]
            ],
            "size": 100066
        }
    ]
}