{
    "Modules": {
        "std": {
            "nRouts": 33,
            "end_perf": [
                0.91378498077392578,
                0.090105000000000005,
                0.079866000000000006,
                263624,
                275100,
                3365421269788218,
                8589934594,
                0
            ],
            "start_perf": [
                0.88533806800842285,
                0.084773000000000001,
                0.078007999999999994,
                263592,
                275100,
                1555015800.194643,
                3365421170067612
            ],
            "child_modules": {},
            "Compiled": "Yes",
            "svclass": [
                "$vcs_nba_dyn_obj",
                0,
                35,
                2,
                2,
                0,
                "sigprop$$",
                0,
                35,
                2,
                2,
                0,
                "process",
                0,
                200,
                8,
                8,
                0,
                "event",
                0,
                34,
                2,
                2,
                0,
                "mailbox",
                0,
                140,
                9,
                9,
                0,
                "semaphore",
                0,
                84,
                5,
                5,
                0
            ],
            "nQuads": 218,
            "nMops": 528,
            "Compiled Times": 151
        },
        "...MASTER...": {
            "nRouts": 5,
            "end_perf": [
                0.88514304161071777,
                0.084773000000000001,
                0.077824000000000004,
                263592,
                275100,
                3365421169428068,
                0,
                0
            ],
            "start_perf": [
                0.84931707382202148,
                0.084773000000000001,
                0.072367000000000001,
                262064,
                275100,
                1555015800.158622,
                3365421043820754
            ],
            "child_modules": {
                "tb_alu": 1,
                "std": 1
            },
            "nMops": 0,
            "nQuads": 0
        },
        "tb_alu": {
            "nRouts": 88,
            "end_perf": [
                0.95154714584350586,
                0.118939,
                0.082027000000000003,
                266400,
                275100,
                3365421402084448,
                17179869185,
                0
            ],
            "start_perf": [
                0.91388511657714844,
                0.090159000000000003,
                0.079912999999999998,
                263624,
                275100,
                1555015800.2231901,
                3365421270088344
            ],
            "child_modules": {},
            "Compiled": "Yes",
            "nMops": 2586,
            "nQuads": 1220,
            "Compiled Times": 141
        }
    },
    "CompUnits": {},
    "reusePaths": {
        "amcQw_d": {
            "icPath": "csrc"
        },
        "reYIK_d": {
            "icPath": "csrc"
        },
        "YRR5F_d": {
            "icPath": "csrc"
        }
    },
    "ObjArchives": [
        {
            "archive": "archive.150/_9836_archive_1.a",
            "objects": [
                [
                    "amcQwB.o",
                    104310
                ]
            ],
            "size": 104310
        }
    ],
    "stat": {
        "ru_self_end": {
            "ru_minflt": 26723,
            "ru_maxrss_kb": 81272,
            "ru_utime_sec": 0.12321799999999999,
            "ru_stime_sec": 0.086976999999999999,
            "ru_majflt": 0,
            "ru_nvcsw": 389,
            "ru_nivcsw": 52
        },
        "ru_childs_end": {
            "ru_minflt": 6916,
            "ru_maxrss_kb": 24220,
            "ru_utime_sec": 0.027439999999999999,
            "ru_stime_sec": 0.025371999999999999,
            "ru_majflt": 0,
            "ru_nvcsw": 22,
            "ru_nivcsw": 11
        },
        "cpu_cycles_end": 3365421660833502,
        "peak_mem_kb": 275100
    }
}