{
    "PrevCompiledModules": {},
    "CompileStrategy": "fullobj",
    "cycles_program_begin": 585209303500304,
    "incremental": "on",
    "rlimit": {
        "data": -1,
        "stack": -1
    },
    "cpu_cycles_pass2_start": 585211038606676,
    "perf": [
        [
            0.1593468189239502,
            0.034297000000000001,
            0.030433999999999999,
            259336,
            260004,
            1552609850.0255029,
            585209809278206,
            "doParsingAndDesignResolution",
            "entry"
        ],
        [
            0.16996884346008301,
            0.040120999999999997,
            0.032097000000000001,
            259544,
            260192,
            1552609850.0361249,
            585209846435202,
            "doParsingAndDesignResolution",
            "exit"
        ],
        [
            0.20070099830627441,
            0.042648999999999999,
            0.033509999999999998,
            259676,
            260192,
            1552609850.0668571,
            585209954136612,
            "doPostDesignResolutionToVir2Vcs",
            "entry"
        ],
        [
            0.21573281288146973,
            0.043908000000000003,
            0.037781000000000002,
            260780,
            260784,
            1552609850.0818889,
            585210006766972,
            "doUptoVir2VcsNoSepCleanup",
            "entry"
        ],
        [
            0.37479400634765625,
            0.053295000000000002,
            0.047966000000000002,
            262196,
            274548,
            1552609850.2409501,
            585210564109168,
            "doUptoVir2VcsNoSepCleanup",
            "exit"
        ],
        [
            0.37492489814758301,
            0.053364000000000002,
            0.048028000000000001,
            262196,
            274548,
            1552609850.241081,
            585210564488194,
            "doRadify_vir2vcsAll",
            "entry"
        ],
        [
            0.38678884506225586,
            0.054698999999999998,
            0.049335999999999998,
            262196,
            274548,
            1552609850.2529449,
            585210606108762,
            "doRadify_vir2vcsAll",
            "exit"
        ],
        [
            0.38686585426330566,
            0.054739999999999997,
            0.049373,
            262196,
            274548,
            1552609850.253022,
            585210606327178,
            "doPostDesignResolutionToVir2Vcs",
            "exit"
        ],
        [
            0.38692688941955566,
            0.054772000000000001,
            0.049402000000000001,
            262196,
            274548,
            1552609850.253083,
            585210606526916,
            "doGAToPass2",
            "entry"
        ],
        [
            0.51018500328063965,
            0.056430000000000001,
            0.053175,
            260640,
            274548,
            1552609850.3763411,
            585211038564262,
            "DoPass2",
            "entry"
        ],
        [
            0.64305400848388672,
            0.074437000000000003,
            0.063802999999999999,
            270000,
            274548,
            1552609850.5092101,
            585211504126464,
            "DoPass2",
            "exit"
        ]
    ],
    "CompileStatus": "Successful",
    "MlibObjs": {},
    "NameTable": {
        "tb_MUX2_1": [
            "tb_MUX2_1",
            "ymIdV",
            "module",
            1
        ],
        "...MASTER...": [
            "SIM",
            "amcQw",
            "module",
            2
        ]
    },
    "LVLData": [
        "SIM"
    ],
    "CompileProcesses": [
        "cgproc.971.json"
    ],
    "stat": {
        "ru_self_cgstart": {
            "ru_utime_sec": 0.056505,
            "ru_maxrss_kb": 67436,
            "ru_stime_sec": 0.053246000000000002,
            "ru_minflt": 22470,
            "ru_majflt": 0,
            "ru_nvcsw": 205,
            "ru_nivcsw": 33
        },
        "CodeGen(%)": 20.96427815250598,
        "totalObjSize": 120160,
        "ru_childs_cgstart": {
            "ru_utime_sec": 0.021885000000000002,
            "ru_maxrss_kb": 21836,
            "ru_stime_sec": 0.023316,
            "ru_minflt": 6322,
            "ru_majflt": 0,
            "ru_nvcsw": 29,
            "ru_nivcsw": 6
        },
        "nQuads": 169,
        "cpu_cycles_cgstart": 585211038800384,
        "outputSizePerQuad": 711.00591715976327,
        "nMops": 326,
        "cpu_cycles_end": 585211681744560,
        "ru_self_end": {
            "ru_utime_sec": 0.077298000000000006,
            "ru_maxrss_kb": 74872,
            "ru_stime_sec": 0.066709000000000004,
            "ru_minflt": 25002,
            "ru_majflt": 0,
            "ru_nvcsw": 285,
            "ru_nivcsw": 38
        },
        "ru_childs_end": {
            "ru_utime_sec": 0.021885000000000002,
            "ru_maxrss_kb": 21836,
            "ru_stime_sec": 0.023316,
            "ru_minflt": 6322,
            "ru_majflt": 0,
            "ru_nvcsw": 29,
            "ru_nivcsw": 6
        },
        "cpu_cycles_total": 2378244256,
        "mopSpeed": 15678.353291973255,
        "realTime": 0.6939079761505127,
        "quadSpeed": 8127.7352955321476,
        "mop/quad": 1.9289940828402368,
        "Frontend(%)": 79.035721847494031,
        "peak_mem_kb": 274548
    },
    "Misc": {
        "vcs_version": "N-2017.12-SP2-2_Full64",
        "vcs_build_date": "Build Date = Aug 15 2018 23:36:09",
        "master_pid": 971,
        "daidir": "simv.daidir",
        "default_output_dir": "csrc",
        "VCS_HOME": "/opt/synopsys/vcs-mx/N-2017.12-SP2-2",
        "csrc": "csrc",
        "daidir_abs": "/home/users15/jms2299/ECE/ECE526L/Experiment 1/test/simv.daidir",
        "cwd": "/home/users15/jms2299/ECE/ECE526L/Experiment 1/test",
        "csrc_abs": "/home/users15/jms2299/ECE/ECE526L/Experiment 1/test/csrc",
        "archive_dir": "archive.0"
    },
    "CurCompileUdps": {},
    "SIMBData": {
        "out": "amcQwB.o",
        "text": 0,
        "bytes": 98672,
        "archive": "archive.0/_971_archive_1.a"
    },
    "CurCompileModules": [
        "...MASTER...",
        "...MASTER...",
        "tb_MUX2_1",
        "tb_MUX2_1"
    ],
    "PEModules": []
}