{
    "Modules": {
        "fullAdder": {
            "nRouts": 15,
            "nMops": 178,
            "start_perf": [
                0.7854158878326416,
                0.084089999999999998,
                0.065630999999999995,
                262964,
                275428,
                1556833871.178736,
                9735926706919912
            ],
            "child_modules": {},
            "Compiled": "Yes",
            "Compiled Times": 197,
            "nQuads": 79,
            "end_perf": [
                0.82704591751098633,
                0.088847999999999996,
                0.068184999999999996,
                263640,
                275428,
                9735926852916342,
                12884901889,
                0
            ]
        },
        "...MASTER...": {
            "nRouts": 5,
            "nMops": 0,
            "start_perf": [
                0.75547099113464355,
                0.081707000000000002,
                0.061803999999999998,
                261644,
                275428,
                1556833871.1487911,
                9735926602005188
            ],
            "child_modules": {
                "tb_6bit_exhaustive": 1
            },
            "nQuads": 0,
            "end_perf": [
                0.78520989418029785,
                0.083981,
                0.065545999999999993,
                262964,
                275428,
                9735926706240918,
                0,
                0
            ]
        },
        "Carry_Sel_Adder_2bit": {
            "nRouts": 27,
            "nMops": 248,
            "start_perf": [
                0.82716083526611328,
                0.088847999999999996,
                0.068301000000000001,
                263640,
                275428,
                1556833871.2204809,
                9735926853209706
            ],
            "child_modules": {
                "fullAdder": 4
            },
            "Compiled": "Yes",
            "Compiled Times": 69,
            "nQuads": 104,
            "end_perf": [
                0.83058500289916992,
                0.091607999999999995,
                0.068962999999999997,
                263996,
                275428,
                9735926865256534,
                17179869185,
                0
            ]
        },
        "tb_6bit_exhaustive": {
            "nRouts": 73,
            "nMops": 1179,
            "start_perf": [
                0.83067584037780762,
                0.091661000000000006,
                0.069002999999999995,
                263996,
                275428,
                1556833871.2239959,
                9735926865523022
            ],
            "child_modules": {
                "Carry_Sel_Adder_2bit": 2,
                "fullAdder": 2
            },
            "Compiled": "Yes",
            "Compiled Times": 68,
            "nQuads": 503,
            "end_perf": [
                0.89166402816772461,
                0.11186599999999999,
                0.071470000000000006,
                267120,
                275428,
                9735927079327106,
                25769803777,
                0
            ]
        }
    },
    "CompUnits": {
        "WY7Bv_d": {
            "bytes": 31132,
            "mod": "tb_6bit_exhaustive",
            "mode": 4,
            "out": "WY7Bv_d.o",
            "checksum": 0,
            "text": 8516,
            "archive": "archive.274/_21153_archive_1.a"
        }
    },
    "reusePaths": {
        "amcQw_d": {
            "icPath": "csrc"
        },
        "qG7YU_d": {
            "icPath": "csrc"
        },
        "JMYib_d": {
            "icPath": "csrc"
        }
    },
    "ObjArchives": [
        {
            "archive": "archive.274/_21153_archive_1.a",
            "objects": [
                [
                    "WY7Bv_d.o",
                    31132
                ],
                [
                    "amcQwB.o",
                    100522
                ]
            ],
            "size": 131654
        }
    ],
    "stat": {
        "ru_childs_end": {
            "ru_utime_sec": 0.012999,
            "ru_stime_sec": 0.020532000000000002,
            "ru_maxrss_kb": 23436,
            "ru_minflt": 6916,
            "ru_majflt": 0,
            "ru_nvcsw": 22,
            "ru_nivcsw": 11
        },
        "ru_self_end": {
            "ru_utime_sec": 0.11239200000000001,
            "ru_stime_sec": 0.080426999999999998,
            "ru_maxrss_kb": 77504,
            "ru_minflt": 26125,
            "ru_majflt": 0,
            "ru_nvcsw": 377,
            "ru_nivcsw": 58
        },
        "cpu_cycles_end": 9735927344904944,
        "peak_mem_kb": 275428
    }
}