{
    "Modules": {
        "...MASTER...": {
            "start_perf": [
                0.53447890281677246,
                0.072443999999999995,
                0.064642000000000005,
                261956,
                274992,
                1555041799.6420829,
                3456523019529380
            ],
            "child_modules": {
                "tb_phaser": 1,
                "std": 1
            },
            "end_perf": [
                0.57700800895690918,
                0.074046000000000001,
                0.071834999999999996,
                264468,
                274992,
                3456523168623472,
                0,
                0
            ],
            "nMops": 0,
            "nQuads": 0,
            "nRouts": 5
        },
        "tb_phaser": {
            "start_perf": [
                0.60493206977844238,
                0.076786999999999994,
                0.076928999999999997,
                264640,
                274992,
                1555041799.7125361,
                3456523266410190
            ],
            "Compiled Times": 1,
            "child_modules": {},
            "Compiled": "Yes",
            "end_perf": [
                0.65147900581359863,
                0.091288999999999995,
                0.079190999999999998,
                269424,
                274992,
                3456523429539844,
                21474836481,
                0
            ],
            "nMops": 417,
            "nQuads": 283,
            "nRouts": 49
        },
        "std": {
            "start_perf": [
                0.57721185684204102,
                0.074144000000000002,
                0.071930999999999995,
                264468,
                274992,
                1555041799.6848159,
                3456523169271926
            ],
            "child_modules": {},
            "Compiled Times": 2,
            "svclass": [
                "$vcs_nba_dyn_obj",
                0,
                35,
                2,
                2,
                0,
                "sigprop$$",
                0,
                35,
                2,
                2,
                0,
                "process",
                0,
                200,
                8,
                8,
                0,
                "event",
                0,
                34,
                2,
                2,
                0,
                "mailbox",
                0,
                140,
                9,
                9,
                0,
                "semaphore",
                0,
                84,
                5,
                5,
                0
            ],
            "Compiled": "Yes",
            "end_perf": [
                0.60479092597961426,
                0.076786999999999994,
                0.076786999999999994,
                264640,
                274992,
                3456523266059842,
                8589934594,
                0
            ],
            "nMops": 528,
            "nQuads": 218,
            "nRouts": 33
        }
    },
    "ObjArchives": [
        {
            "archive": "archive.1/_18026_archive_1.a",
            "objects": [
                [
                    "S1Jxc_d.o",
                    17708
                ],
                [
                    "amcQwB.o",
                    99926
                ]
            ],
            "size": 117634
        }
    ],
    "CompUnits": {
        "amcQw_d": {
            "bytes": 7692,
            "mod": "...MASTER...",
            "checksum": 0,
            "out": "objs/amcQw_d.o",
            "text": 434,
            "mode": 4
        },
        "S1Jxc_d": {
            "bytes": 17708,
            "mod": "tb_phaser",
            "checksum": 0,
            "out": "S1Jxc_d.o",
            "archive": "archive.1/_18026_archive_1.a",
            "text": 3915,
            "mode": 4
        }
    },
    "reusePaths": {
        "reYIK_d": {
            "icPath": "csrc"
        }
    },
    "stat": {
        "ru_self_end": {
            "ru_nivcsw": 81,
            "ru_utime_sec": 0.095196000000000003,
            "ru_stime_sec": 0.084253999999999996,
            "ru_minflt": 26865,
            "ru_maxrss_kb": 81140,
            "ru_majflt": 0,
            "ru_nvcsw": 366
        },
        "ru_childs_end": {
            "ru_nivcsw": 8,
            "ru_utime_sec": 0.011951,
            "ru_stime_sec": 0.023688000000000001,
            "ru_minflt": 6914,
            "ru_maxrss_kb": 24088,
            "ru_majflt": 0,
            "ru_nvcsw": 48
        },
        "cpu_cycles_end": 3456523675734452,
        "peak_mem_kb": 274992
    }
}